participant.id_in_session,participant.code,participant.label,participant._is_bot,participant._index_in_pages,participant._max_page_index,participant._current_app_name,participant._current_page_name,participant.time_started_utc,participant.visited,participant.mturk_worker_id,participant.mturk_assignment_id,participant.payoff,player.id_in_group,player.role,player.payoff,player.iteration,player.num_correct,player.elapsed_time,group.id_in_subsession,subsession.round_number,session.code,session.label,session.mturk_HITId,session.mturk_HITGroupId,session.comment,session.is_demo
1,vn8gqjnw,,0,0,45,,,,0,,,0.0,1,,0.0,0,0,0.0,1,1,e5te6pxl,,,,,1
2,40z23fb0,,0,0,45,,,,0,,,0.0,2,,0.0,0,0,0.0,1,1,e5te6pxl,,,,,1
3,gu2dkpsr,,0,0,45,,,,0,,,0.0,3,,0.0,0,0,0.0,1,1,e5te6pxl,,,,,1
1,4bbuo5ay,,0,0,45,,,,0,,,0.0,1,,0.0,0,0,0.0,1,1,qs4xnsyl,,,,,1
2,8wsn6r2x,,0,0,45,,,,0,,,0.0,2,,0.0,0,0,0.0,1,1,qs4xnsyl,,,,,1
3,akyusd70,,0,0,45,,,,0,,,0.0,3,,0.0,0,0,0.0,1,1,qs4xnsyl,,,,,1
1,rggxlrld,BLU_20,0,45,45,survey,Completion,2024-05-14 08:36:05.737249,1,,,238.0,1,,73.0,1,73,239.2863268852234,1,1,ykdzfw2h,,,,,0
2,zu5rxx67,BLU_30,0,45,45,survey,Completion,2024-05-14 08:36:05.755470,1,,,256.0,2,,88.0,1,88,238.99806189537048,1,1,ykdzfw2h,,,,,0
3,77a6ed9a,BLU_26,0,45,45,survey,Completion,2024-05-14 08:36:05.762273,1,,,215.0,3,,82.0,1,82,239.20360898971558,1,1,ykdzfw2h,,,,,0
4,a8gna0pr,BLU_18,0,45,45,survey,Completion,2024-05-14 08:36:05.768988,1,,,265.0,4,,100.0,1,100,239.51523113250732,1,1,ykdzfw2h,,,,,0
5,ry0nc01c,BLU_10,0,45,45,survey,Completion,2024-05-14 08:36:05.775962,1,,,248.0,5,,114.0,1,114,239.25503706932068,1,1,ykdzfw2h,,,,,0
6,iw6538t5,BLU_29,0,45,45,survey,Completion,2024-05-14 08:36:05.782487,1,,,184.0,6,,51.0,1,51,239.55596351623535,1,1,ykdzfw2h,,,,,0
7,p8983tf0,BLU_04,0,45,45,survey,Completion,2024-05-14 08:36:05.788757,1,,,288.0,7,,114.0,1,114,239.07841563224792,1,1,ykdzfw2h,,,,,0
8,6ul57k0b,BLU_00,0,45,45,survey,Completion,2024-05-14 08:36:05.805492,1,,,239.0,8,,77.0,1,77,239.20237827301025,1,1,ykdzfw2h,,,,,0
9,3o2kadzu,BLU_15,0,45,45,survey,Completion,2024-05-14 08:36:05.811673,1,,,277.0,9,,110.0,1,110,239.45304226875305,1,1,ykdzfw2h,,,,,0
10,maxxa0b9,BLU_14,0,45,45,survey,Completion,2024-05-14 08:36:05.818182,1,,,218.0,10,,54.0,1,54,234.97530508041382,1,1,ykdzfw2h,,,,,0
11,wmkt6s6s,BLU_01,0,45,45,survey,Completion,2024-05-14 08:36:05.824685,1,,,261.0,11,,93.0,1,93,239.60165166854858,1,1,ykdzfw2h,,,,,0
12,7ikal8ir,BLU_31,0,45,45,survey,Completion,2024-05-14 08:36:05.831154,1,,,260.0,12,,96.0,1,96,239.81524205207825,1,1,ykdzfw2h,,,,,0
13,6whe0107,BLU_05,0,45,45,survey,Completion,2024-05-14 08:36:05.837718,1,,,273.0,13,,104.0,1,104,239.48396587371826,1,1,ykdzfw2h,,,,,0
14,10hb91v0,BLU_34,0,45,45,survey,Completion,2024-05-14 08:36:05.843954,1,,,248.0,14,,114.0,1,114,239.9064998626709,1,1,ykdzfw2h,,,,,0
15,brcpj4zp,BLU_06,0,45,45,survey,Completion,2024-05-14 08:36:05.850512,1,,,245.0,15,,106.0,1,106,239.50778460502625,1,1,ykdzfw2h,,,,,0
16,wr4oyk0w,BLU_23,0,45,45,survey,Completion,2024-05-14 08:36:05.856731,1,,,253.0,16,,109.0,1,109,239.4157633781433,1,1,ykdzfw2h,,,,,0
17,69gxbqoq,BLU_09,0,45,45,survey,Completion,2024-05-14 08:36:05.863318,1,,,232.0,17,,86.0,1,86,239.6659460067749,1,1,ykdzfw2h,,,,,0
18,275e2ui1,BLU_24,0,45,45,survey,Completion,2024-05-14 08:36:05.869327,1,,,292.0,18,,114.0,1,114,239.8969123363495,1,1,ykdzfw2h,,,,,0
19,bxgty49l,BLU_12,0,45,45,survey,Completion,2024-05-14 08:36:05.876157,1,,,192.0,19,,58.0,1,58,236.79030799865723,1,1,ykdzfw2h,,,,,0
20,tzz523nu,BLU_35,0,45,45,survey,Completion,2024-05-14 08:36:05.883350,1,,,180.0,20,,80.0,1,80,238.3498499393463,1,1,ykdzfw2h,,,,,0
21,n6p6kpol,BLU_11,0,45,45,survey,Completion,2024-05-14 08:36:05.891874,1,,,249.0,21,,109.0,1,109,238.79579854011536,1,1,ykdzfw2h,,,,,0
22,93vk2elh,BLU_25,0,45,45,survey,Completion,2024-05-14 08:36:05.898845,1,,,189.0,22,,23.0,1,23,160.37089586257935,1,1,ykdzfw2h,,,,,0
23,qirmcohg,BLU_07,0,45,45,survey,Completion,2024-05-14 08:36:05.905688,1,,,260.0,23,,94.0,1,94,238.90731930732727,1,1,ykdzfw2h,,,,,0
24,caq3vqi1,BLU_19,0,45,45,survey,Completion,2024-05-14 08:36:05.913204,1,,,211.0,24,,107.0,1,107,236.19504857063293,1,1,ykdzfw2h,,,,,0
25,dlal68fq,BLU_21,0,45,45,survey,Completion,2024-05-14 08:36:05.919913,1,,,262.0,25,,97.0,1,97,239.44031429290771,1,1,ykdzfw2h,,,,,0
26,icm5jw1w,BLU_17,0,45,45,survey,Completion,2024-05-14 08:36:05.926225,1,,,258.0,26,,91.0,1,91,239.32950568199158,1,1,ykdzfw2h,,,,,0
27,smddi2bm,BLU_08,0,45,45,survey,Completion,2024-05-14 08:36:05.932551,1,,,280.0,27,,115.0,1,115,237.8459963798523,1,1,ykdzfw2h,,,,,0
28,gb3p43e3,BLU_13,0,45,45,survey,Completion,2024-05-14 08:36:05.938936,1,,,271.0,28,,106.0,1,106,238.26167345046997,1,1,ykdzfw2h,,,,,0
29,qmykdy6l,BLU_03,0,45,45,survey,Completion,2024-05-14 08:36:05.945065,1,,,240.0,29,,75.0,1,75,239.00437474250793,1,1,ykdzfw2h,,,,,0
30,aykj1i6i,BLU_32,0,45,45,survey,Completion,2024-05-14 08:36:05.951215,1,,,272.0,30,,99.0,1,99,239.94000601768494,1,1,ykdzfw2h,,,,,0
31,u53icqui,BLU_22,0,45,45,survey,Completion,2024-05-14 08:36:05.957246,1,,,242.0,31,,75.0,1,75,239.6157262325287,1,1,ykdzfw2h,,,,,0
32,2175hu1w,BLU_33,0,45,45,survey,Completion,2024-05-14 08:36:05.964523,1,,,262.0,32,,97.0,1,97,237.00669288635254,1,1,ykdzfw2h,,,,,0
33,8v2hfg8c,BLU_02,0,45,45,survey,Completion,2024-05-14 08:36:06.678625,1,,,267.0,33,,100.0,1,100,237.7988317012787,1,1,ykdzfw2h,,,,,0
34,bv1rchfe,BLU_27,0,45,45,survey,Completion,2024-05-14 08:36:06.688075,1,,,307.0,34,,141.0,1,141,239.2564013004303,1,1,ykdzfw2h,,,,,0
35,5ubvbqrt,BLU_28,0,45,45,survey,Completion,2024-05-14 08:36:06.714192,1,,,261.0,35,,90.0,1,90,238.1892626285553,1,1,ykdzfw2h,,,,,0
36,iwrxhwk3,BLU_16,0,45,45,survey,Completion,2024-05-14 08:36:06.726130,1,,,259.0,36,,95.0,1,95,239.56060338020325,1,1,ykdzfw2h,,,,,0
1,d12v1y8v,,0,0,45,,,,0,,,0.0,1,,0.0,0,0,0.0,1,1,8s9n331q,,,,,1
2,3va4d2pw,,0,0,45,,,,0,,,0.0,2,,0.0,0,0,0.0,1,1,8s9n331q,,,,,1
3,p3nqjcl4,,0,0,45,,,,0,,,0.0,3,,0.0,0,0,0.0,1,1,8s9n331q,,,,,1
1,qo7o2u3r,,0,0,45,,,,0,,,0.0,1,,0.0,0,0,0.0,1,1,zlyapjtj,,,,,1
2,05njl3hl,,0,0,45,,,,0,,,0.0,2,,0.0,0,0,0.0,1,1,zlyapjtj,,,,,1
3,jr989sc8,,0,0,45,,,,0,,,0.0,3,,0.0,0,0,0.0,1,1,zlyapjtj,,,,,1
1,wtf9m9iv,BLU_13,0,45,45,survey,Completion,2024-05-14 11:37:24.500466,1,,,185.0,1,,0.0,1,102,239.21072149276733,1,1,5r4374w0,,,,,0
2,bxtwzkk3,BLU_24,0,45,45,survey,Completion,2024-05-14 11:37:24.518595,1,,,180.0,2,,0.0,1,94,238.59673023223877,1,1,5r4374w0,,,,,0
3,c1re0k0c,BLU_10,0,45,45,survey,Completion,2024-05-14 11:37:24.524345,1,,,160.0,3,,0.0,1,80,237.05343985557556,1,1,5r4374w0,,,,,0
4,hmipyra9,BLU_30,0,45,45,survey,Completion,2024-05-14 11:37:24.529699,1,,,170.0,4,,0.0,1,98,239.22374057769775,1,1,5r4374w0,,,,,0
5,hljd8j8s,BLU_09,0,45,45,survey,Completion,2024-05-14 11:37:24.534611,1,,,165.0,5,,0.0,1,91,239.58917713165283,1,1,5r4374w0,,,,,0
6,1a434dy2,BLU_01,0,45,45,survey,Completion,2024-05-14 11:37:24.540313,1,,,140.0,6,,0.0,1,91,238.12216925621033,1,1,5r4374w0,,,,,0
7,wdb2bmuc,BLU_22,0,45,45,survey,Completion,2024-05-14 11:37:24.545451,1,,,182.0,7,,0.0,1,93,239.41648650169373,1,1,5r4374w0,,,,,0
8,sl0ekey1,BLU_21,0,45,45,survey,Completion,2024-05-14 11:37:24.556850,1,,,173.0,8,,0.0,1,111,238.91924166679382,1,1,5r4374w0,,,,,0
9,1kh6c4dr,BLU_04,0,45,45,survey,Completion,2024-05-14 11:37:24.561857,1,,,165.0,9,,0.0,1,92,239.04708099365234,1,1,5r4374w0,,,,,0
10,lq9jgj3i,BLU_15,0,45,45,survey,Completion,2024-05-14 11:37:24.567055,1,,,166.0,10,,0.0,1,102,239.07433772087097,1,1,5r4374w0,,,,,0
11,f15fo3yu,BLU_02,0,45,45,survey,Completion,2024-05-14 11:37:24.572000,1,,,136.0,11,,0.0,1,84,239.71457529067993,1,1,5r4374w0,,,,,0
12,jkojnnx7,BLU_18,0,45,45,survey,Completion,2024-05-14 11:37:24.576940,1,,,178.0,12,,0.0,1,86,236.3412835597992,1,1,5r4374w0,,,,,0
13,kmp1r22f,BLU_00,0,45,45,survey,Completion,2024-05-14 11:37:24.581850,1,,,178.0,13,,0.0,1,106,239.43254685401917,1,1,5r4374w0,,,,,0
14,8i7prunh,BLU_14,0,45,45,survey,Completion,2024-05-14 11:37:24.587498,1,,,154.0,14,,0.0,1,71,237.2790563106537,1,1,5r4374w0,,,,,0
15,3hy7y8i2,BLU_33,0,45,45,survey,Completion,2024-05-14 11:37:24.596635,1,,,112.0,15,,0.0,1,75,237.04115915298462,1,1,5r4374w0,,,,,0
16,sjcoa1gv,BLU_07,0,45,45,survey,Completion,2024-05-14 11:37:24.604878,1,,,172.0,16,,0.0,1,97,238.3719997406006,1,1,5r4374w0,,,,,0
17,2q16a6o8,BLU_25,0,45,45,survey,Completion,2024-05-14 11:37:24.610376,1,,,184.0,17,,0.0,1,115,238.6258249282837,1,1,5r4374w0,,,,,0
18,ltipsjdv,BLU_16,0,45,45,survey,Completion,2024-05-14 11:37:24.623245,1,,,196.0,18,,0.0,1,106,238.9844651222229,1,1,5r4374w0,,,,,0
19,zlb86qtx,BLU_11,0,45,45,survey,Completion,2024-05-14 11:37:24.629037,1,,,164.0,19,,0.0,1,89,238.74681997299194,1,1,5r4374w0,,,,,0
20,dtjatgej,BLU_31,0,45,45,survey,Completion,2024-05-14 11:37:24.634289,1,,,165.0,20,,0.0,1,91,239.84801650047302,1,1,5r4374w0,,,,,0
21,hlta2msa,BLU_08,0,45,45,survey,Completion,2024-05-14 11:37:24.639242,1,,,169.0,21,,0.0,1,105,239.29530096054077,1,1,5r4374w0,,,,,0
22,48s50490,BLU_05,0,45,45,survey,Completion,2024-05-14 11:37:24.648088,1,,,167.0,22,,0.0,1,101,238.4846224784851,1,1,5r4374w0,,,,,0
23,ds7gf3vg,BLU_17,0,45,45,survey,Completion,2024-05-14 11:37:24.653906,1,,,167.0,23,,0.0,1,105,238.00882768630981,1,1,5r4374w0,,,,,0
24,mz0ciadv,BLU_27,0,45,45,survey,Completion,2024-05-14 11:37:24.659344,1,,,167.0,24,,0.0,1,93,238.5137176513672,1,1,5r4374w0,,,,,0
25,yglobngj,BLU_26,0,45,45,survey,Completion,2024-05-14 11:37:24.665575,1,,,100.0,25,,0.0,1,82,238.1563379764557,1,1,5r4374w0,,,,,0
26,yv0td6xe,BLU_28,0,45,45,survey,Completion,2024-05-14 11:37:24.671635,1,,,200.0,26,,0.0,1,85,238.58977389335632,1,1,5r4374w0,,,,,0
27,g73l9vdl,BLU_06,0,45,45,survey,Completion,2024-05-14 11:37:24.676906,1,,,160.0,27,,0.0,1,89,238.53544211387634,1,1,5r4374w0,,,,,0
28,egh0i91b,BLU_03,0,45,45,survey,Completion,2024-05-14 11:37:24.682155,1,,,185.0,28,,0.0,1,119,237.65788674354553,1,1,5r4374w0,,,,,0
29,jpp7s5r6,BLU_20,0,45,45,survey,Completion,2024-05-14 11:37:24.687546,1,,,195.0,29,,0.0,1,109,239.48476815223694,1,1,5r4374w0,,,,,0
30,2qhev8bl,BLU_19,0,45,45,survey,Completion,2024-05-14 11:37:24.692581,1,,,160.0,30,,0.0,1,101,239.00098824501038,1,1,5r4374w0,,,,,0
31,ohwklw50,BLU_35,0,45,45,survey,Completion,2024-05-14 11:37:25.401027,1,,,125.0,31,,0.0,1,83,239.1158664226532,1,1,5r4374w0,,,,,0
32,5a15tl23,BLU_32,0,45,45,survey,Completion,2024-05-14 11:37:25.411768,1,,,215.0,32,,0.0,1,94,238.9144742488861,1,1,5r4374w0,,,,,0
33,wkfflns4,BLU_34,0,45,45,survey,Completion,2024-05-14 11:37:25.425153,1,,,125.0,33,,0.0,1,119,239.38321185112,1,1,5r4374w0,,,,,0
34,tjyqeoev,BLU_29,0,45,45,survey,Completion,2024-05-14 11:37:25.437066,1,,,185.0,34,,0.0,1,90,239.51478934288025,1,1,5r4374w0,,,,,0
35,ka3iiv5c,BLU_23,0,45,45,survey,Completion,2024-05-14 11:37:25.446780,1,,,150.0,35,,0.0,1,87,239.41912007331848,1,1,5r4374w0,,,,,0
36,wdvxec6n,BLU_12,0,45,45,survey,Completion,2024-05-14 11:37:25.461369,1,,,200.0,36,,0.0,1,93,238.941712141037,1,1,5r4374w0,,,,,0
1,5g5klg55,,0,44,45,survey,Questions,2024-05-14 13:55:55.572281,1,,,0.0,1,,0.0,0,0,0.0,1,1,o4zvte65,,,,,1
2,7gs5ykx6,,0,44,45,survey,Questions,2024-05-14 13:55:55.594863,1,,,0.0,2,,0.0,0,0,0.0,1,1,o4zvte65,,,,,1
3,ihvkjx40,,0,44,45,survey,Questions,2024-05-14 13:55:55.605042,1,,,0.0,3,,0.0,0,0,0.0,1,1,o4zvte65,,,,,1
1,vgs79s7u,BLU_22,0,45,45,survey,Completion,2024-05-16 08:39:45.949310,1,,,185.0,1,,0.0,1,82,239.90267658233643,1,1,v0bpsxm2,,,,,0
2,58qtb8v6,BLU_08,0,45,45,survey,Completion,2024-05-16 08:39:45.990554,1,,,165.0,2,,0.0,1,98,237.5716950893402,1,1,v0bpsxm2,,,,,0
3,b3u444ci,BLU_27,0,45,45,survey,Completion,2024-05-16 08:39:46.001907,1,,,166.0,3,,0.0,1,86,238.1770749092102,1,1,v0bpsxm2,,,,,0
4,ovi5mgfs,BLU_25,0,45,45,survey,Completion,2024-05-16 08:39:46.010797,1,,,155.0,4,,0.0,1,91,239.903892993927,1,1,v0bpsxm2,,,,,0
5,txnxowyb,BLU_20,0,45,45,survey,Completion,2024-05-16 08:39:46.017819,1,,,162.0,5,,0.0,1,106,239.67697095870972,1,1,v0bpsxm2,,,,,0
6,u3tex7e3,BLU_23,0,45,45,survey,Completion,2024-05-16 08:39:46.025465,1,,,166.0,6,,0.0,1,81,238.06943225860596,1,1,v0bpsxm2,,,,,0
7,ij2rrhyx,BLU_24,0,45,45,survey,Completion,2024-05-16 08:39:46.039801,1,,,134.0,7,,0.0,1,80,228.5009410381317,1,1,v0bpsxm2,,,,,0
8,uocdifm0,BLU_09,0,45,45,survey,Completion,2024-05-16 08:39:46.047497,1,,,173.0,8,,0.0,1,74,237.84524011611938,1,1,v0bpsxm2,,,,,0
9,xpnyaewq,BLU_28,0,45,45,survey,Completion,2024-05-16 08:39:46.054443,1,,,163.0,9,,0.0,1,84,239.5094816684723,1,1,v0bpsxm2,,,,,0
10,8zecqcvq,BLU_35,0,45,45,survey,Completion,2024-05-16 08:39:46.063813,1,,,134.0,10,,0.0,1,109,238.99722528457642,1,1,v0bpsxm2,,,,,0
11,nvbhjz3i,BLU_30,0,45,45,survey,Completion,2024-05-16 08:39:46.070683,1,,,189.0,11,,0.0,1,97,238.6565957069397,1,1,v0bpsxm2,,,,,0
12,h8nknrk3,BLU_29,0,45,45,survey,Completion,2024-05-16 08:39:46.077717,1,,,186.0,12,,0.0,1,112,239.79826736450195,1,1,v0bpsxm2,,,,,0
13,197er6a2,BLU_06,0,45,45,survey,Completion,2024-05-16 08:39:46.085144,1,,,119.0,13,,0.0,1,110,239.63733768463135,1,1,v0bpsxm2,,,,,0
14,pe10l88m,BLU_26,0,45,45,survey,Completion,2024-05-16 08:39:46.095540,1,,,123.0,14,,0.0,1,106,238.77974486351013,1,1,v0bpsxm2,,,,,0
15,1tsbadmg,BLU_11,0,45,45,survey,Completion,2024-05-16 08:39:46.102925,1,,,240.0,15,,0.0,1,98,238.78624510765076,1,1,v0bpsxm2,,,,,0
16,l078v2ul,BLU_05,0,45,45,survey,Completion,2024-05-16 08:39:46.110129,1,,,132.0,16,,0.0,1,116,238.19605135917664,1,1,v0bpsxm2,,,,,0
17,lhcqgubk,BLU_00,0,45,45,survey,Completion,2024-05-16 08:39:46.117176,1,,,140.0,17,,0.0,1,81,239.35181641578674,1,1,v0bpsxm2,,,,,0
18,p7ldsgd8,BLU_21,0,45,45,survey,Completion,2024-05-16 08:39:46.124466,1,,,106.0,18,,0.0,1,66,237.8696894645691,1,1,v0bpsxm2,,,,,0
19,3bod94tp,BLU_10,0,45,45,survey,Completion,2024-05-16 08:39:46.132747,1,,,107.0,19,,0.0,1,84,239.5131995677948,1,1,v0bpsxm2,,,,,0
20,0urjtojp,BLU_16,0,45,45,survey,Completion,2024-05-16 08:39:46.140551,1,,,174.0,20,,0.0,1,88,237.4829180240631,1,1,v0bpsxm2,,,,,0
21,b5octfmz,BLU_33,0,45,45,survey,Completion,2024-05-16 08:39:46.147886,1,,,132.0,21,,0.0,1,97,238.74073481559753,1,1,v0bpsxm2,,,,,0
22,g4jckmms,BLU_18,0,45,45,survey,Completion,2024-05-16 08:39:46.155416,1,,,136.0,22,,0.0,1,82,238.34470462799072,1,1,v0bpsxm2,,,,,0
23,ggrdd5iq,BLU_03,0,45,45,survey,Completion,2024-05-16 08:39:46.163157,1,,,200.0,23,,0.0,1,85,239.47624349594116,1,1,v0bpsxm2,,,,,0
24,kfgiympu,BLU_17,0,45,45,survey,Completion,2024-05-16 08:39:46.171946,1,,,201.0,24,,0.0,1,83,237.7906777858734,1,1,v0bpsxm2,,,,,0
25,cji72u0e,BLU_02,0,45,45,survey,Completion,2024-05-16 08:39:46.179506,1,,,154.0,25,,0.0,1,90,239.48147416114807,1,1,v0bpsxm2,,,,,0
26,0l3xkh9f,BLU_07,0,45,45,survey,Completion,2024-05-16 08:39:46.188171,1,,,129.0,26,,0.0,1,92,238.3552703857422,1,1,v0bpsxm2,,,,,0
27,pgzf722x,BLU_12,0,45,45,survey,Completion,2024-05-16 08:39:46.196268,1,,,170.0,27,,0.0,1,111,239.37303709983826,1,1,v0bpsxm2,,,,,0
28,j9s0vm81,BLU_14,0,45,45,survey,Completion,2024-05-16 08:39:46.203563,1,,,167.0,28,,0.0,1,74,238.38553261756897,1,1,v0bpsxm2,,,,,0
29,m3jyk7ro,BLU_13,0,45,45,survey,Completion,2024-05-16 08:39:46.210957,1,,,145.0,29,,0.0,1,93,237.7155888080597,1,1,v0bpsxm2,,,,,0
30,e104xl4i,BLU_04,0,45,45,survey,Completion,2024-05-16 08:39:46.217731,1,,,203.0,30,,0.0,1,74,237.6313030719757,1,1,v0bpsxm2,,,,,0
31,vmtvitch,BLU_15,0,45,45,survey,Completion,2024-05-16 08:39:46.224744,1,,,201.0,31,,0.0,1,98,238.92595982551575,1,1,v0bpsxm2,,,,,0
32,ffegqwes,BLU_19,0,45,45,survey,Completion,2024-05-16 08:39:46.231676,1,,,130.0,32,,0.0,1,88,238.59250259399414,1,1,v0bpsxm2,,,,,0
33,37sp9sjc,BLU_32,0,45,45,survey,Completion,2024-05-16 08:39:46.238730,1,,,166.0,33,,0.0,1,97,237.56792306900024,1,1,v0bpsxm2,,,,,0
34,h8mn1ldu,BLU_01,0,45,45,survey,Completion,2024-05-16 08:39:46.246090,1,,,168.0,34,,0.0,1,74,238.30990290641785,1,1,v0bpsxm2,,,,,0
35,rq6ucqv6,BLU_31,0,45,45,survey,Completion,2024-05-16 08:39:46.253871,1,,,163.0,35,,0.0,1,96,238.9508662223816,1,1,v0bpsxm2,,,,,0
36,gbwqq0rs,BLU_34,0,45,45,survey,Completion,2024-05-16 08:39:46.356644,1,,,162.0,36,,0.0,1,109,239.82789778709412,1,1,v0bpsxm2,,,,,0
1,xhpv93ls,BLU_06,0,45,45,survey,Completion,2024-05-16 11:41:36.351721,1,,,166.0,1,,0.0,1,107,239.13131737709045,1,1,m7xcm95f,,,,,0
2,6ydcbl9r,BLU_08,0,45,45,survey,Completion,2024-05-16 11:41:36.368481,1,,,165.0,2,,0.0,1,70,237.9906837940216,1,1,m7xcm95f,,,,,0
3,6nh54ceg,BLU_02,0,45,45,survey,Completion,2024-05-16 11:41:36.376325,1,,,169.0,3,,0.0,1,91,238.9552459716797,1,1,m7xcm95f,,,,,0
4,uz2kh32u,BLU_33,0,45,45,survey,Completion,2024-05-16 11:41:36.383730,1,,,166.0,4,,0.0,1,91,238.5936815738678,1,1,m7xcm95f,,,,,0
5,sfscz3mv,BLU_29,0,45,45,survey,Completion,2024-05-16 11:41:36.390922,1,,,166.0,5,,0.0,1,76,236.98784232139587,1,1,m7xcm95f,,,,,0
6,yfbqk3u0,BLU_26,0,45,45,survey,Completion,2024-05-16 11:41:36.397723,1,,,168.0,6,,0.0,1,127,239.48107409477234,1,1,m7xcm95f,,,,,0
7,2xw6wott,BLU_31,0,45,45,survey,Completion,2024-05-16 11:41:36.406223,1,,,166.0,7,,0.0,1,102,238.68480515480042,1,1,m7xcm95f,,,,,0
8,f6i1zolp,BLU_19,0,45,45,survey,Completion,2024-05-16 11:41:36.412819,1,,,167.0,8,,0.0,1,88,238.63990378379822,1,1,m7xcm95f,,,,,0
9,d4lo3zf6,BLU_18,0,45,45,survey,Completion,2024-05-16 11:41:36.419315,1,,,167.0,9,,0.0,1,89,239.69345688819885,1,1,m7xcm95f,,,,,0
10,kn00nazp,BLU_30,0,45,45,survey,Completion,2024-05-16 11:41:36.427169,1,,,166.0,10,,0.0,1,132,239.48310446739197,1,1,m7xcm95f,,,,,0
11,l4gotjl7,BLU_22,0,45,45,survey,Completion,2024-05-16 11:41:36.433886,1,,,166.0,11,,0.0,1,68,238.89765524864197,1,1,m7xcm95f,,,,,0
12,6e0212tp,BLU_27,0,45,45,survey,Completion,2024-05-16 11:41:36.441160,1,,,168.0,12,,0.0,1,96,239.79419493675232,1,1,m7xcm95f,,,,,0
13,g0slo89x,BLU_21,0,45,45,survey,Completion,2024-05-16 11:41:36.447727,1,,,168.0,13,,0.0,1,103,239.19858813285828,1,1,m7xcm95f,,,,,0
14,196u6lli,BLU_04,0,45,45,survey,Completion,2024-05-16 11:41:36.455073,1,,,165.0,14,,0.0,1,110,239.71983933448792,1,1,m7xcm95f,,,,,0
15,ktt5knkc,BLU_15,0,45,45,survey,Completion,2024-05-16 11:41:36.463718,1,,,163.0,15,,0.0,1,82,239.34433937072754,1,1,m7xcm95f,,,,,0
16,lgc4n3dh,BLU_01,0,45,45,survey,Completion,2024-05-16 11:41:36.470684,1,,,162.0,16,,0.0,1,65,239.15657377243042,1,1,m7xcm95f,,,,,0
17,1lilrmry,BLU_35,0,45,45,survey,Completion,2024-05-16 11:41:36.478754,1,,,179.0,17,,0.0,1,85,239.4533236026764,1,1,m7xcm95f,,,,,0
18,nlkaxz3o,BLU_28,0,45,45,survey,Completion,2024-05-16 11:41:36.486050,1,,,163.0,18,,0.0,1,99,239.23835158348083,1,1,m7xcm95f,,,,,0
19,la48qhop,BLU_14,0,45,45,survey,Completion,2024-05-16 11:41:36.493469,1,,,136.0,19,,0.0,1,106,239.41967725753784,1,1,m7xcm95f,,,,,0
20,6nwz387q,BLU_03,0,45,45,survey,Completion,2024-05-16 11:41:36.500967,1,,,133.0,20,,0.0,1,93,238.19777488708496,1,1,m7xcm95f,,,,,0
21,fns79vh4,BLU_32,0,45,45,survey,Completion,2024-05-16 11:41:36.507789,1,,,170.0,21,,0.0,1,74,238.91381931304932,1,1,m7xcm95f,,,,,0
22,1r7pqbse,BLU_10,0,45,45,survey,Completion,2024-05-16 11:41:36.519575,1,,,125.0,22,,0.0,1,81,239.45589780807495,1,1,m7xcm95f,,,,,0
23,08vr2i2p,BLU_12,0,45,45,survey,Completion,2024-05-16 11:41:36.527218,1,,,167.0,23,,0.0,1,106,237.33357763290405,1,1,m7xcm95f,,,,,0
24,j5qn3qbk,BLU_13,0,45,45,survey,Completion,2024-05-16 11:41:36.535876,1,,,169.0,24,,0.0,1,91,238.5124430656433,1,1,m7xcm95f,,,,,0
25,hjneoci2,BLU_25,0,45,45,survey,Completion,2024-05-16 11:41:36.545030,1,,,169.0,25,,0.0,1,94,239.01990365982056,1,1,m7xcm95f,,,,,0
26,qvoffcsq,BLU_16,0,45,45,survey,Completion,2024-05-16 11:41:36.552968,1,,,162.0,26,,0.0,1,104,238.9827160835266,1,1,m7xcm95f,,,,,0
27,lv2l10fd,BLU_34,0,45,45,survey,Completion,2024-05-16 11:41:36.562159,1,,,93.0,27,,0.0,1,74,238.8045744895935,1,1,m7xcm95f,,,,,0
28,r786u409,BLU_07,0,45,45,survey,Completion,2024-05-16 11:41:36.569005,1,,,134.0,28,,0.0,1,91,238.62855911254883,1,1,m7xcm95f,,,,,0
29,tn7aqwzf,BLU_23,0,45,45,survey,Completion,2024-05-16 11:41:36.575705,1,,,102.0,29,,0.0,1,93,239.3851020336151,1,1,m7xcm95f,,,,,0
30,iowjjdnx,BLU_24,0,45,45,survey,Completion,2024-05-16 11:41:36.591178,1,,,138.0,30,,0.0,1,132,239.83915281295776,1,1,m7xcm95f,,,,,0
31,clb9mrb7,BLU_17,0,45,45,survey,Completion,2024-05-16 11:41:36.599060,1,,,168.0,31,,0.0,1,136,238.40677404403687,1,1,m7xcm95f,,,,,0
32,5kr8656h,BLU_11,0,45,45,survey,Completion,2024-05-16 11:41:36.607937,1,,,167.0,32,,0.0,1,123,238.45819473266602,1,1,m7xcm95f,,,,,0
33,ltuj7l8u,BLU_09,0,45,45,survey,Completion,2024-05-16 11:41:37.516023,1,,,168.0,33,,0.0,1,105,239.75923871994019,1,1,m7xcm95f,,,,,0
34,wmh3d1u0,BLU_20,0,45,45,survey,Completion,2024-05-16 11:41:37.526918,1,,,166.0,34,,0.0,1,92,238.1191668510437,1,1,m7xcm95f,,,,,0
35,rcu7iixo,BLU_05,0,45,45,survey,Completion,2024-05-16 11:41:37.537229,1,,,165.0,35,,0.0,1,93,239.23313856124878,1,1,m7xcm95f,,,,,0
36,5zlvsjpa,BLU_00,0,45,45,survey,Completion,2024-05-16 11:41:37.549366,1,,,166.0,36,,0.0,1,85,238.67105102539062,1,1,m7xcm95f,,,,,0
